State_code,Ratio_2_to_1
35,1.4998619636883304
30,1.1579756493066942
12,0.9389531963791379
08,0.10587651944320295
09,0.1146608476882269
22,0.13364276616890727
