State_code,Ratio_3_to_2
30,1.9258072813150326
03,1.5042161745955236
04,1.2482660763507933
10,0.1115822158623265
05,0.11963687645467899
09,0.12744829503431718
